--
-- PostgreSQL database dump
--

-- Dumped from database version 11.5
-- Dumped by pg_dump version 11.1

SET statement_timeout = 0;
SET lock_timeout = 0;
SET idle_in_transaction_session_timeout = 0;
SET client_encoding = 'UTF8';
SET standard_conforming_strings = on;
SELECT pg_catalog.set_config('search_path', '', false);
SET check_function_bodies = false;
SET client_min_messages = warning;
SET row_security = off;

--
-- Data for Name: application; Type: TABLE DATA; Schema: app; Owner: app
--

COPY app.application (id, created_at, updated_at, external_id, name, key) FROM stdin;
01DV3VTG3EE53WF7YNS6C17ZT4	2019-12-02 17:51:39.117531+00	2019-12-02 17:51:39.117531+00	\N	Tenant Manager	tenant-manager
01DV3VTG3EW14WCXNXQQK4JCKS	2019-12-02 17:51:39.117531+00	2019-12-02 17:51:39.117531+00	\N	License Manager	license-manager
01DV3VTG3EPP1Y92VGYNG67MBJ	2019-12-02 17:51:39.117531+00	2019-12-02 17:51:39.117531+00	\N	address book	address-book
01DV3VTG3EJ8NP25CT28D4RSDX	2019-12-02 17:51:39.117531+00	2019-12-02 17:51:39.117531+00	\N	LCB Traceability	lcb-traceability
\.


--
-- Data for Name: license_type; Type: TABLE DATA; Schema: app; Owner: app
--

COPY app.license_type (id, created_at, updated_at, external_id, name, key, application_id) FROM stdin;
01DV3VTG3E04634VBCRGS0DECM	2019-12-02 17:51:39.117531+00	2019-12-02 17:51:39.117531+00	\N	Tenant Manager	tenant-manager	01DV3VTG3EE53WF7YNS6C17ZT4
01DV3VTG3ERH62YQV4CGP4RV6A	2019-12-02 17:51:39.117531+00	2019-12-02 17:51:39.117531+00	\N	License Manager	license-manager	01DV3VTG3EW14WCXNXQQK4JCKS
01DV3VTG3EK1MD4TXXCYPCBAMR	2019-12-02 17:51:39.117531+00	2019-12-02 17:51:39.117531+00	\N	Address Book	address-book	01DV3VTG3EPP1Y92VGYNG67MBJ
01DV3VTG3EKCREGSSGWN78Z0PC	2019-12-02 17:51:39.117531+00	2019-12-02 17:51:39.117531+00	\N	LCB Traceability	lcb-traceability	01DV3VTG3EJ8NP25CT28D4RSDX
\.


--
-- Data for Name: app_tenant; Type: TABLE DATA; Schema: auth; Owner: app
--

COPY auth.app_tenant (id, created_at, updated_at, name, identifier) FROM stdin;
01DTWX2GRYZHFNB9XW2RNJHZKT	2019-11-30 00:58:49.502291+00	2019-11-30 00:58:49.502291+00	Anchor Tenant	anchor
01DV3VTFKHHPTFKJ0DJM133GFZ	2019-12-02 17:51:38.608563+00	2019-12-02 17:51:38.608563+00	Producer-1	G11111
01DV3VTFKHR1ZE7JQQZ19W3R2Z	2019-12-02 17:51:38.608563+00	2019-12-02 17:51:38.608563+00	Processor-1	M11111
01DV3VTFKH2W8W4FFSXGGVRXF4	2019-12-02 17:51:38.608563+00	2019-12-02 17:51:38.608563+00	Retail-1	R11111
\.


--
-- Data for Name: app_user; Type: TABLE DATA; Schema: auth; Owner: app
--

COPY auth.app_user (id, app_tenant_id, created_at, updated_at, username, recovery_email, password_hash, inactive, password_reset_required, permission_key) FROM stdin;
01DTWX2GRYN5BAAYRY78KEWDYD	01DTWX2GRYZHFNB9XW2RNJHZKT	2019-11-30 00:58:49.502291+00	2019-11-30 00:58:49.502291+00	appsuperadmin	appsuperadmin@tst.tst	$2a$06$UFCeEuicGDM/b28Nz3w76OK3xtzDXg1L.s6zTTOVIzpoGsBfCz3f.	f	f	SuperAdmin
01DV3VTFKHEYS9R2N918Z5SMWT	01DV3VTFKHHPTFKJ0DJM133GFZ	2019-12-02 17:51:38.608563+00	2019-12-02 17:51:38.608563+00	lcb_producer_admin	lcb_producer_admin@blah.blah	$2a$06$DTvUWaDjgJujfU9BnaL1IuNog7PwJ12lJSLWBMEFBLDsHZ1pGs/ES	f	f	Admin
01DV3VTFKH66CRJ8G8VWFEWX50	01DV3VTFKHHPTFKJ0DJM133GFZ	2019-12-02 17:51:38.608563+00	2019-12-02 17:51:38.608563+00	lcb_producer_user	lcb_producer_user@blah.blah	$2a$06$08RPKm4kia7chTT9nhmkLudcJWONNb48p3cz66roYaz0RWi4icAW.	f	f	User
01DV3VTFKHZGV4HCXAJXD0YE8M	01DV3VTFKHR1ZE7JQQZ19W3R2Z	2019-12-02 17:51:38.608563+00	2019-12-02 17:51:38.608563+00	lcb_processor_admin	lcb_processor_admin@blah.blah	$2a$06$GkuvzEYy0SvkKm.advU9Iu4mdyJAKbm6lSKaf5h8RPEJjl/46XE1G	f	f	Admin
01DV3VTFKHFWXSSDR3ZCEX98BV	01DV3VTFKHR1ZE7JQQZ19W3R2Z	2019-12-02 17:51:38.608563+00	2019-12-02 17:51:38.608563+00	lcb_processor_user	lcb_processor_user@blah.blah	$2a$06$nCKa7rdhkpT90UNl6lat2.WQUY2x/NgEpdizfdm3EPNigP6.Q17gW	f	f	User
01DV3VTFKHN9QHZP6K61RXJWAA	01DV3VTFKH2W8W4FFSXGGVRXF4	2019-12-02 17:51:38.608563+00	2019-12-02 17:51:38.608563+00	lcb_retail_admin	lcb_retail_admin003@blah.blah	$2a$06$3ABs3wQAP1eQAXJ9i0ToDeyfMVthVp9bSeZQmNEXry2ZE.s5P0KV2	f	f	Admin
01DV3VTFKHNGRKPT148X8JGESR	01DV3VTFKH2W8W4FFSXGGVRXF4	2019-12-02 17:51:38.608563+00	2019-12-02 17:51:38.608563+00	lcb_retail_user	lcb_retail_user@blah.blah	$2a$06$6rVpcurspkpPRVDZb4ui7ew71cjo4AGI9z9QOdFSERXJVCHHGC9ji	f	f	User
\.


--
-- Data for Name: license; Type: TABLE DATA; Schema: app; Owner: app
--

COPY app.license (id, app_tenant_id, created_at, updated_at, external_id, name, license_type_id, assigned_to_app_user_id) FROM stdin;
01DV3VTG3EZ9GRT2MV4RVFE1Z7	01DTWX2GRYZHFNB9XW2RNJHZKT	2019-12-02 17:51:39.117531+00	2019-12-02 17:51:39.117531+00	\N	appsuperadmin - Tenant Manager	01DV3VTG3E04634VBCRGS0DECM	01DTWX2GRYN5BAAYRY78KEWDYD
01DV3VTG3EK1SD6BTFSM0YV3P8	01DTWX2GRYZHFNB9XW2RNJHZKT	2019-12-02 17:51:39.117531+00	2019-12-02 17:51:39.117531+00	\N	appsuperadmin - License Manager	01DV3VTG3ERH62YQV4CGP4RV6A	01DTWX2GRYN5BAAYRY78KEWDYD
01DV3VTG3ERM3PGCAMQHZ7HH95	01DV3VTFKHHPTFKJ0DJM133GFZ	2019-12-02 17:51:39.117531+00	2019-12-02 17:51:39.117531+00	\N	lcb_producer_admin - License Manager	01DV3VTG3ERH62YQV4CGP4RV6A	01DV3VTFKHEYS9R2N918Z5SMWT
01DV3VTG3EH11D3KPR771NJKVE	01DV3VTFKHR1ZE7JQQZ19W3R2Z	2019-12-02 17:51:39.117531+00	2019-12-02 17:51:39.117531+00	\N	lcb_processor_admin - License Manager	01DV3VTG3ERH62YQV4CGP4RV6A	01DV3VTFKHZGV4HCXAJXD0YE8M
01DV3VTG3ETWWN4WX50WFX8ZE2	01DV3VTFKH2W8W4FFSXGGVRXF4	2019-12-02 17:51:39.117531+00	2019-12-02 17:51:39.117531+00	\N	lcb_retail_admin - License Manager	01DV3VTG3ERH62YQV4CGP4RV6A	01DV3VTFKHN9QHZP6K61RXJWAA
01DV3VTG3ET4SJEV7ZCZQSPZ2Y	01DTWX2GRYZHFNB9XW2RNJHZKT	2019-12-02 17:51:39.117531+00	2019-12-02 17:51:39.117531+00	\N	appsuperadmin - Address Book	01DV3VTG3EK1MD4TXXCYPCBAMR	01DTWX2GRYN5BAAYRY78KEWDYD
01DV3VTG3E3Z4DSJ47X0XAWSJT	01DV3VTFKHHPTFKJ0DJM133GFZ	2019-12-02 17:51:39.117531+00	2019-12-02 17:51:39.117531+00	\N	lcb_producer_admin - Address Book	01DV3VTG3EK1MD4TXXCYPCBAMR	01DV3VTFKHEYS9R2N918Z5SMWT
01DV3VTG3E32P91ARNVB5BA5XX	01DV3VTFKHHPTFKJ0DJM133GFZ	2019-12-02 17:51:39.117531+00	2019-12-02 17:51:39.117531+00	\N	lcb_producer_user - Address Book	01DV3VTG3EK1MD4TXXCYPCBAMR	01DV3VTFKH66CRJ8G8VWFEWX50
01DV3VTG3ENMZ8C7CKX98SNPSX	01DV3VTFKHR1ZE7JQQZ19W3R2Z	2019-12-02 17:51:39.117531+00	2019-12-02 17:51:39.117531+00	\N	lcb_processor_admin - Address Book	01DV3VTG3EK1MD4TXXCYPCBAMR	01DV3VTFKHZGV4HCXAJXD0YE8M
01DV3VTG3ERJHWV4PACDAA4MVM	01DV3VTFKHR1ZE7JQQZ19W3R2Z	2019-12-02 17:51:39.117531+00	2019-12-02 17:51:39.117531+00	\N	lcb_processor_user - Address Book	01DV3VTG3EK1MD4TXXCYPCBAMR	01DV3VTFKHFWXSSDR3ZCEX98BV
01DV3VTG3EQNQEY4KPPJRGF36H	01DV3VTFKH2W8W4FFSXGGVRXF4	2019-12-02 17:51:39.117531+00	2019-12-02 17:51:39.117531+00	\N	lcb_retail_admin - Address Book	01DV3VTG3EK1MD4TXXCYPCBAMR	01DV3VTFKHN9QHZP6K61RXJWAA
01DV3VTG3EAWWKSXKHCEC02JD6	01DV3VTFKH2W8W4FFSXGGVRXF4	2019-12-02 17:51:39.117531+00	2019-12-02 17:51:39.117531+00	\N	lcb_retail_user - Address Book	01DV3VTG3EK1MD4TXXCYPCBAMR	01DV3VTFKHNGRKPT148X8JGESR
01DV3VTG3EA8AS9Y89KQC6XQ62	01DTWX2GRYZHFNB9XW2RNJHZKT	2019-12-02 17:51:39.117531+00	2019-12-02 17:51:39.117531+00	\N	appsuperadmin - LCB Traceability	01DV3VTG3EKCREGSSGWN78Z0PC	01DTWX2GRYN5BAAYRY78KEWDYD
01DV3VTG3E14J4VEZ627KZ290D	01DV3VTFKHHPTFKJ0DJM133GFZ	2019-12-02 17:51:39.117531+00	2019-12-02 17:51:39.117531+00	\N	lcb_producer_admin - LCB Traceability	01DV3VTG3EKCREGSSGWN78Z0PC	01DV3VTFKHEYS9R2N918Z5SMWT
01DV3VTG3EGS0ZJDHPBJ3TKJ64	01DV3VTFKHHPTFKJ0DJM133GFZ	2019-12-02 17:51:39.117531+00	2019-12-02 17:51:39.117531+00	\N	lcb_producer_user - LCB Traceability	01DV3VTG3EKCREGSSGWN78Z0PC	01DV3VTFKH66CRJ8G8VWFEWX50
01DV3VTG3E0E40QG5QBH1DVEEY	01DV3VTFKHR1ZE7JQQZ19W3R2Z	2019-12-02 17:51:39.117531+00	2019-12-02 17:51:39.117531+00	\N	lcb_processor_admin - LCB Traceability	01DV3VTG3EKCREGSSGWN78Z0PC	01DV3VTFKHZGV4HCXAJXD0YE8M
01DV3VTG3EDKZ04CENNP32CH1M	01DV3VTFKHR1ZE7JQQZ19W3R2Z	2019-12-02 17:51:39.117531+00	2019-12-02 17:51:39.117531+00	\N	lcb_processor_user - LCB Traceability	01DV3VTG3EKCREGSSGWN78Z0PC	01DV3VTFKHFWXSSDR3ZCEX98BV
01DV3VTG3E73P7GHEMFT84885P	01DV3VTFKH2W8W4FFSXGGVRXF4	2019-12-02 17:51:39.117531+00	2019-12-02 17:51:39.117531+00	\N	lcb_retail_admin - LCB Traceability	01DV3VTG3EKCREGSSGWN78Z0PC	01DV3VTFKHN9QHZP6K61RXJWAA
01DV3VTG3ET677CCDDVXQ2W9WE	01DV3VTFKH2W8W4FFSXGGVRXF4	2019-12-02 17:51:39.117531+00	2019-12-02 17:51:39.117531+00	\N	lcb_retail_user - LCB Traceability	01DV3VTG3EKCREGSSGWN78Z0PC	01DV3VTFKHNGRKPT148X8JGESR
\.


--
-- Data for Name: permission; Type: TABLE DATA; Schema: auth; Owner: app
--

COPY auth.permission (id, created_at, key) FROM stdin;
\.


--
-- Data for Name: license_permission; Type: TABLE DATA; Schema: app; Owner: app
--

COPY app.license_permission (id, app_tenant_id, created_at, updated_at, license_id, permission_id) FROM stdin;
\.


--
-- Data for Name: license_type_permission; Type: TABLE DATA; Schema: app; Owner: app
--

COPY app.license_type_permission (id, created_at, updated_at, license_type_id, permission_id, key) FROM stdin;
\.


--
-- Data for Name: config_auth; Type: TABLE DATA; Schema: auth; Owner: app
--

COPY auth.config_auth (id, key, value) FROM stdin;
\.


--
-- Data for Name: token; Type: TABLE DATA; Schema: auth; Owner: app
--

COPY auth.token (id, app_user_id, created_at, expires_at) FROM stdin;
\.


--
-- Data for Name: config_org; Type: TABLE DATA; Schema: org; Owner: app
--

COPY org.config_org (id, key, value) FROM stdin;
\.


--
-- Data for Name: location; Type: TABLE DATA; Schema: org; Owner: app
--

COPY org.location (id, app_tenant_id, created_at, updated_at, external_id, name, address1, address2, city, state, zip, lat, lon) FROM stdin;
01DV3VTFV00TW97KQBSX740GWT	01DTWX2GRYZHFNB9XW2RNJHZKT	2019-12-02 17:51:38.848406+00	2019-12-02 17:51:38.848406+00	anchor-org	Anchor Tenant Location	addy 1	addy 2	a city	??	?????	37.4240944	-103.6859639
01DV3VTFV0EQME8FBX9S6T6F12	01DV3VTFKHHPTFKJ0DJM133GFZ	2019-12-02 17:51:38.848406+00	2019-12-02 17:51:38.848406+00	G11111-org	Producer-1 Location	addy 1	addy 2	a city	??	?????	35.2480636	-103.7859622
01DV3VTFV07VME8F7YWK06DXEM	01DV3VTFKHR1ZE7JQQZ19W3R2Z	2019-12-02 17:51:38.848406+00	2019-12-02 17:51:38.848406+00	M11111-org	Processor-1 Location	addy 1	addy 2	a city	??	?????	36.3718388	-109.6328010
01DV3VTFV0XVX4R1ZC0QBDN0JT	01DV3VTFKH2W8W4FFSXGGVRXF4	2019-12-02 17:51:38.848406+00	2019-12-02 17:51:38.848406+00	R11111-org	Retail-1 Location	addy 1	addy 2	a city	??	?????	38.0585139	-97.5745505
01DV3VTFV09QNYKE3TGKF8ZZPW	01DTWX2GRYZHFNB9XW2RNJHZKT	2019-12-02 17:51:38.848406+00	2019-12-02 17:51:38.848406+00	appsuperadmin	appsuperadmin Location	addy 1	addy 2	a city	??	?????	41.2056487	-98.1874332
01DV3VTFV02863C10GE0949FQ5	01DV3VTFKHHPTFKJ0DJM133GFZ	2019-12-02 17:51:38.848406+00	2019-12-02 17:51:38.848406+00	lcb_producer_admin	lcb_producer_admin Location	addy 1	addy 2	a city	??	?????	39.9566777	-103.0983607
01DV3VTFV07ZYN61DQB3YH8E7M	01DV3VTFKHHPTFKJ0DJM133GFZ	2019-12-02 17:51:38.848406+00	2019-12-02 17:51:38.848406+00	lcb_producer_user	lcb_producer_user Location	addy 1	addy 2	a city	??	?????	36.4765453	-108.3981501
01DV3VTFV05NTDVARQSGRY2B2X	01DV3VTFKHR1ZE7JQQZ19W3R2Z	2019-12-02 17:51:38.848406+00	2019-12-02 17:51:38.848406+00	lcb_processor_admin	lcb_processor_admin Location	addy 1	addy 2	a city	??	?????	35.1340013	-98.1915272
01DV3VTFV04CNJ67DYVTHGVY2V	01DV3VTFKHR1ZE7JQQZ19W3R2Z	2019-12-02 17:51:38.848406+00	2019-12-02 17:51:38.848406+00	lcb_processor_user	lcb_processor_user Location	addy 1	addy 2	a city	??	?????	38.1825565	-96.4446788
01DV3VTFV0G1FMV0V2QP25P840	01DV3VTFKH2W8W4FFSXGGVRXF4	2019-12-02 17:51:38.848406+00	2019-12-02 17:51:38.848406+00	lcb_retail_admin	lcb_retail_admin Location	addy 1	addy 2	a city	??	?????	35.4147387	-99.9335905
01DV3VTFV05QZP5GJPA5PNVVZ4	01DV3VTFKH2W8W4FFSXGGVRXF4	2019-12-02 17:51:38.848406+00	2019-12-02 17:51:38.848406+00	lcb_retail_user	lcb_retail_user Location	addy 1	addy 2	a city	??	?????	35.3814864	-97.5191506
\.


--
-- Data for Name: contact; Type: TABLE DATA; Schema: org; Owner: app
--

COPY org.contact (id, app_tenant_id, created_at, updated_at, organization_id, location_id, external_id, first_name, last_name, email, cell_phone, office_phone, title, nickname) FROM stdin;
01DTWX2GRYRKYNC6B68CNP0JD3	01DTWX2GRYZHFNB9XW2RNJHZKT	2019-11-30 00:58:49.502291+00	2019-12-02 17:51:38.848406+00	01DTWX2GRYV6NTJYD2FNCN2HPK	01DV3VTFV09QNYKE3TGKF8ZZPW	appsuperadmin	Super	Admin	appsuperadmin@tst.tst	\N	\N	\N	\N
01DV3VTFKH9WPSD71MDHFCARXN	01DV3VTFKHHPTFKJ0DJM133GFZ	2019-12-02 17:51:38.608563+00	2019-12-02 17:51:38.848406+00	01DV3VTFKHBCQS2VE09C5Y4VNB	01DV3VTFV02863C10GE0949FQ5	lcb_producer_admin	lcb_producer_admin	Test	lcb_producer_admin@blah.blah	\N	\N	\N	\N
01DV3VTFKHW70DJM81E3HT3CXE	01DV3VTFKHHPTFKJ0DJM133GFZ	2019-12-02 17:51:38.608563+00	2019-12-02 17:51:38.848406+00	01DV3VTFKHBCQS2VE09C5Y4VNB	01DV3VTFV07ZYN61DQB3YH8E7M	lcb_producer_user	lcb_producer_user	Test	lcb_producer_user@blah.blah	\N	\N	\N	\N
01DV3VTFKHKQP95FTPPEZG10JG	01DV3VTFKHR1ZE7JQQZ19W3R2Z	2019-12-02 17:51:38.608563+00	2019-12-02 17:51:38.848406+00	01DV3VTFKHXXVQFMFMMA4VY2GV	01DV3VTFV05NTDVARQSGRY2B2X	lcb_processor_admin	lcb_processor_admin	Test	lcb_processor_admin@blah.blah	\N	\N	\N	\N
01DV3VTFKHCS8ZBHXHSZAA3266	01DV3VTFKHR1ZE7JQQZ19W3R2Z	2019-12-02 17:51:38.608563+00	2019-12-02 17:51:38.848406+00	01DV3VTFKHXXVQFMFMMA4VY2GV	01DV3VTFV04CNJ67DYVTHGVY2V	lcb_processor_user	lcb_processor_user	Test	lcb_processor_user@blah.blah	\N	\N	\N	\N
01DV3VTFKH1DM0RMZS5V41DR5D	01DV3VTFKH2W8W4FFSXGGVRXF4	2019-12-02 17:51:38.608563+00	2019-12-02 17:51:38.848406+00	01DV3VTFKHXTHJY31BEWJV81GS	01DV3VTFV0G1FMV0V2QP25P840	lcb_retail_admin	lcb_retail_admin	Test	lcb_retail_admin003@blah.blah	\N	\N	\N	\N
01DV3VTFKHQ90SQ90AP83V5DMS	01DV3VTFKH2W8W4FFSXGGVRXF4	2019-12-02 17:51:38.608563+00	2019-12-02 17:51:38.848406+00	01DV3VTFKHXTHJY31BEWJV81GS	01DV3VTFV05QZP5GJPA5PNVVZ4	lcb_retail_user	lcb_retail_user	Test	lcb_retail_user@blah.blah	\N	\N	\N	\N
\.


--
-- Data for Name: contact_app_user; Type: TABLE DATA; Schema: org; Owner: app
--

COPY org.contact_app_user (id, app_tenant_id, created_at, updated_at, contact_id, app_user_id, username) FROM stdin;
01DTWX2GRYNM1J522ZX2JS0N3R	01DTWX2GRYZHFNB9XW2RNJHZKT	2019-11-30 00:58:49.502291+00	2019-11-30 00:58:49.502291+00	01DTWX2GRYRKYNC6B68CNP0JD3	01DTWX2GRYN5BAAYRY78KEWDYD	appsuperadmin
01DV3VTFKH7CDRVX26WQ5C03WS	01DV3VTFKHHPTFKJ0DJM133GFZ	2019-12-02 17:51:38.608563+00	2019-12-02 17:51:38.608563+00	01DV3VTFKH9WPSD71MDHFCARXN	01DV3VTFKHEYS9R2N918Z5SMWT	lcb_producer_admin
01DV3VTFKHG95KG56AH4VN3ASX	01DV3VTFKHHPTFKJ0DJM133GFZ	2019-12-02 17:51:38.608563+00	2019-12-02 17:51:38.608563+00	01DV3VTFKHW70DJM81E3HT3CXE	01DV3VTFKH66CRJ8G8VWFEWX50	lcb_producer_user
01DV3VTFKHGE1VVA9ECRMB6VK5	01DV3VTFKHR1ZE7JQQZ19W3R2Z	2019-12-02 17:51:38.608563+00	2019-12-02 17:51:38.608563+00	01DV3VTFKHKQP95FTPPEZG10JG	01DV3VTFKHZGV4HCXAJXD0YE8M	lcb_processor_admin
01DV3VTFKHMTFATPGGXJ7CFYAY	01DV3VTFKHR1ZE7JQQZ19W3R2Z	2019-12-02 17:51:38.608563+00	2019-12-02 17:51:38.608563+00	01DV3VTFKHCS8ZBHXHSZAA3266	01DV3VTFKHFWXSSDR3ZCEX98BV	lcb_processor_user
01DV3VTFKHKZJ57K2AY99CCPXC	01DV3VTFKH2W8W4FFSXGGVRXF4	2019-12-02 17:51:38.608563+00	2019-12-02 17:51:38.608563+00	01DV3VTFKH1DM0RMZS5V41DR5D	01DV3VTFKHN9QHZP6K61RXJWAA	lcb_retail_admin
01DV3VTFKH8RF09N6A1933QKYQ	01DV3VTFKH2W8W4FFSXGGVRXF4	2019-12-02 17:51:38.608563+00	2019-12-02 17:51:38.608563+00	01DV3VTFKHQ90SQ90AP83V5DMS	01DV3VTFKHNGRKPT148X8JGESR	lcb_retail_user
\.


--
-- Data for Name: organization; Type: TABLE DATA; Schema: org; Owner: app
--

COPY org.organization (id, app_tenant_id, actual_app_tenant_id, created_at, updated_at, external_id, name, location_id, primary_contact_id) FROM stdin;
01DTWX2GRYV6NTJYD2FNCN2HPK	01DTWX2GRYZHFNB9XW2RNJHZKT	01DTWX2GRYZHFNB9XW2RNJHZKT	2019-11-30 00:58:49.502291+00	2019-12-02 17:51:38.848406+00	anchor-org	Anchor Tenant	01DV3VTFV00TW97KQBSX740GWT	01DTWX2GRYRKYNC6B68CNP0JD3
01DV3VTFKHBCQS2VE09C5Y4VNB	01DV3VTFKHHPTFKJ0DJM133GFZ	01DV3VTFKHHPTFKJ0DJM133GFZ	2019-12-02 17:51:38.608563+00	2019-12-02 17:51:38.848406+00	G11111-org	Producer-1	01DV3VTFV0EQME8FBX9S6T6F12	01DV3VTFKH9WPSD71MDHFCARXN
01DV3VTFKHXXVQFMFMMA4VY2GV	01DV3VTFKHR1ZE7JQQZ19W3R2Z	01DV3VTFKHR1ZE7JQQZ19W3R2Z	2019-12-02 17:51:38.608563+00	2019-12-02 17:51:38.848406+00	M11111-org	Processor-1	01DV3VTFV07VME8F7YWK06DXEM	01DV3VTFKHKQP95FTPPEZG10JG
01DV3VTFKHXTHJY31BEWJV81GS	01DV3VTFKH2W8W4FFSXGGVRXF4	01DV3VTFKH2W8W4FFSXGGVRXF4	2019-12-02 17:51:38.608563+00	2019-12-02 17:51:38.848406+00	R11111-org	Retail-1	01DV3VTFV0XVX4R1ZC0QBDN0JT	01DV3VTFKH1DM0RMZS5V41DR5D
\.


--
-- Data for Name: facility; Type: TABLE DATA; Schema: org; Owner: app
--

COPY org.facility (id, app_tenant_id, created_at, updated_at, organization_id, location_id, name, external_id) FROM stdin;
\.


--
-- Name: global_id_sequence; Type: SEQUENCE SET; Schema: shard_1; Owner: app
--

SELECT pg_catalog.setval('shard_1.global_id_sequence', 91, true);


--
-- PostgreSQL database dump complete
--

